{"data": [13.323333220692213, 4.892734061366516, 11.479597960107629, 9.036824196122083, 31.197044050497258, 6.122154198164143, 14.02414049629784, 8.958792876274552, 11.74187993606648, 7.067304339670803, 15.544115086213717, 14.482879660373458, 5.493265927638031, 16.405404023866964, 7.098293527770823, 6.784632423869006, 22.754126024856944, 12.379028759315574], "indices": [4387, 4890, 4800, 2918, 2186, 4807, 4751, 3970, 2058, 1493, 3685, 1885, 4465, 3408, 2918, 816, 445, 157], "indptr": [0, 1, 5, 10, 12, 18], "shape": [5, 5000]}